1,6.77813e+06,7670,0
1,6.77813e+06,7720,5010
1,6.77813e+06,7770,10020
1,6.77813e+06,7820,15030
2,6.77812e+06,15340,0
2,6.77812e+06,15440,5019.99
2,6.77812e+06,15540,10040
2,6.77812e+06,15640,15060
3,6.7781e+06,23010,0
3,6.7781e+06,23160,5029.97
3,6.7781e+06,23310,10059.9
3,6.7781e+06,23460,15089.9
4,6.77807e+06,30679.9,0
4,6.77807e+06,30879.9,5039.95
4,6.77807e+06,31079.9,10079.9
4,6.77807e+06,31279.9,15119.8
5,6.77803e+06,38349.8,0
5,6.77803e+06,38599.8,5049.92
5,6.77803e+06,38849.8,10099.8
5,6.77803e+06,39099.8,15149.8
6,6.77798e+06,46019.6,0
6,6.77798e+06,46319.6,5059.88
6,6.77798e+06,46619.6,10119.8
6,6.77798e+06,46919.6,15179.7
7,6.77792e+06,53689.4,0
7,6.77792e+06,54039.4,5069.84
7,6.77792e+06,54389.4,10139.7
7,6.77792e+06,54739.4,15209.5
8,6.77786e+06,61359.2,0
8,6.77786e+06,61759.2,5079.79
8,6.77786e+06,62159.2,10159.6
8,6.77786e+06,62559.1,15239.4
9,6.77779e+06,69028.8,0
9,6.77779e+06,69478.8,5089.74
9,6.77779e+06,69928.8,10179.5
9,6.77779e+06,70378.8,15269.2
10,6.7777e+06,76698.4,0
10,6.7777e+06,77198.4,5099.68
10,6.7777e+06,77698.3,10199.4
10,6.7777e+06,78198.3,15299
11,6.77761e+06,84367.8,0
11,6.77761e+06,84917.8,5109.61
11,6.77761e+06,85467.8,10219.2
11,6.77761e+06,86017.8,15328.8
12,6.77751e+06,92037.2,0
12,6.77751e+06,92637.2,5119.53
12,6.77751e+06,93237.1,10239.1
12,6.77751e+06,93837.1,15358.6
13,6.7774e+06,99706.4,0
13,6.7774e+06,100356,5129.45
13,6.7774e+06,101006,10258.9
13,6.7774e+06,101656,15388.4
14,6.77729e+06,107376,0
14,6.77729e+06,108075,5139.36
14,6.77729e+06,108775,10278.7
14,6.77729e+06,109475,15418.1
15,6.77716e+06,115044,0
15,6.77716e+06,115794,5149.27
15,6.77716e+06,116544,10298.5
15,6.77716e+06,117294,15447.8
16,6.77702e+06,122713,0
16,6.77702e+06,123513,5159.17
16,6.77702e+06,124313,10318.3
16,6.77702e+06,125113,15477.5
17,6.77688e+06,130382,0
17,6.77688e+06,131232,5169.06
17,6.77688e+06,132082,10338.1
17,6.77688e+06,132932,15507.2
18,6.77673e+06,138050,0
18,6.77673e+06,138950,5178.95
18,6.77673e+06,139850,10357.9
18,6.77673e+06,140750,15536.8
19,6.77657e+06,145719,0
19,6.77657e+06,146669,5188.83
19,6.77657e+06,147619,10377.7
19,6.77657e+06,148569,15566.5
20,6.7764e+06,153387,0
20,6.7764e+06,154387,5198.7
20,6.7764e+06,155387,10397.4
20,6.7764e+06,156387,15596.1
21,6.77622e+06,161055,0
21,6.77622e+06,162105,5208.56
21,6.77622e+06,163155,10417.1
21,6.77622e+06,164205,15625.7
22,6.77603e+06,168723,0
22,6.77603e+06,169822,5218.42
22,6.77603e+06,170922,10436.8
22,6.77603e+06,172022,15655.3
23,6.77584e+06,176390,0
23,6.77584e+06,177540,5228.27
23,6.77584e+06,178690,10456.5
23,6.77584e+06,179840,15684.8
24,6.77563e+06,184057,0
24,6.77563e+06,185257,5238.12
24,6.77563e+06,186457,10476.2
24,6.77563e+06,187657,15714.4
25,6.77542e+06,191724,0
25,6.77542e+06,192974,5247.96
25,6.77542e+06,194224,10495.9
25,6.77542e+06,195474,15743.9
26,6.7752e+06,199391,0
26,6.7752e+06,200691,5257.79
26,6.7752e+06,201991,10515.6
26,6.7752e+06,203291,15773.4
27,6.77497e+06,207058,0
27,6.77497e+06,208408,5267.62
27,6.77497e+06,209757,10535.2
27,6.77497e+06,211107,15802.8
28,6.77473e+06,214724,0
28,6.77473e+06,216124,5277.43
28,6.77473e+06,217524,10554.9
28,6.77473e+06,218923,15832.3
29,6.77448e+06,222390,0
29,6.77448e+06,223840,5287.25
29,6.77448e+06,225290,10574.5
29,6.77448e+06,226739,15861.7
30,6.77423e+06,230056,0
30,6.77423e+06,231555,5297.05
30,6.77423e+06,233055,10594.1
30,6.77423e+06,234555,15891.2
31,6.77396e+06,237721,0
31,6.77396e+06,239271,5306.85
31,6.77396e+06,240821,10613.7
31,6.77396e+06,242370,15920.5
32,6.77369e+06,245386,0
32,6.77369e+06,246986,5316.64
32,6.77369e+06,248586,10633.3
32,6.77369e+06,250185,15949.9
33,6.77341e+06,253051,0
33,6.77341e+06,254701,5326.42
33,6.77341e+06,256350,10652.8
33,6.77341e+06,258000,15979.3
34,6.77312e+06,260716,0
34,6.77312e+06,262415,5336.2
34,6.77312e+06,264115,10672.4
34,6.77312e+06,265814,16008.6
35,6.77282e+06,268380,0
35,6.77282e+06,270129,5345.97
35,6.77282e+06,271879,10691.9
35,6.77282e+06,273628,16037.9
36,6.77251e+06,276044,0
36,6.77251e+06,277843,5355.74
36,6.77251e+06,279643,10711.5
36,6.77251e+06,281442,16067.2
37,6.77219e+06,283707,0
37,6.77219e+06,285556,5365.49
37,6.77219e+06,287406,10731
37,6.77219e+06,289255,16096.5
38,6.77186e+06,291370,0
38,6.77186e+06,293270,5375.24
38,6.77187e+06,295169,10750.5
38,6.77187e+06,297068,16125.7
39,6.77153e+06,299033,0
39,6.77153e+06,300982,5384.99
39,6.77153e+06,302932,10770
39,6.77153e+06,304881,16155
40,6.77119e+06,306695,0
40,6.77119e+06,308694,5394.72
40,6.77119e+06,310694,10789.4
40,6.77119e+06,312693,16184.2
41,6.77084e+06,314357,0
41,6.77084e+06,316406,5404.45
41,6.77084e+06,318456,10808.9
41,6.77084e+06,320505,16213.4
42,6.77048e+06,322019,0
42,6.77048e+06,324118,5414.17
42,6.77048e+06,326217,10828.3
42,6.77048e+06,328316,16242.5
43,6.77011e+06,329680,0
43,6.77011e+06,331829,5423.89
43,6.77011e+06,333978,10847.8
43,6.77011e+06,336127,16271.7
44,6.76973e+06,337340,0
44,6.76973e+06,339540,5433.6
44,6.76973e+06,341739,10867.2
44,6.76973e+06,343938,16300.8
45,6.76934e+06,345001,0
45,6.76934e+06,347250,5443.3
45,6.76934e+06,349499,10886.6
45,6.76934e+06,351748,16329.9
46,6.76895e+06,352661,0
46,6.76895e+06,354959,5452.99
46,6.76895e+06,357258,10906
46,6.76895e+06,359557,16359
47,6.76854e+06,360320,0
47,6.76854e+06,362669,5462.68
47,6.76854e+06,365018,10925.4
47,6.76854e+06,367367,16388
48,6.76813e+06,367979,0
48,6.76813e+06,370378,5472.36
48,6.76813e+06,372776,10944.7
48,6.76813e+06,375175,16417.1
49,6.76771e+06,375637,0
49,6.76771e+06,378086,5482.03
49,6.76771e+06,380535,10964.1
49,6.76771e+06,382983,16446.1
50,6.76728e+06,383295,0
50,6.76728e+06,385794,5491.7
50,6.76728e+06,388293,10983.4
50,6.76728e+06,390791,16475.1
51,6.76684e+06,390953,0
51,6.76684e+06,393501,5501.36
51,6.76684e+06,396050,11002.7
51,6.76684e+06,398598,16504.1
52,6.76639e+06,398610,0
52,6.76639e+06,401208,5511.01
52,6.76639e+06,403807,11022
52,6.76639e+06,406405,16533
53,6.76594e+06,406266,0
53,6.76594e+06,408915,5520.66
53,6.76594e+06,411563,11041.3
53,6.76594e+06,414211,16562
54,6.76547e+06,413922,0
54,6.76547e+06,416620,5530.29
54,6.76547e+06,419319,11060.6
54,6.76547e+06,422017,16590.9
55,6.765e+06,421577,0
55,6.765e+06,424326,5539.93
55,6.765e+06,427074,11079.9
55,6.765e+06,429822,16619.8
56,6.76452e+06,429232,0
56,6.76452e+06,432030,5549.55
56,6.76452e+06,434829,11099.1
56,6.76452e+06,437627,16648.6
57,6.76403e+06,436887,0
57,6.76403e+06,439735,5559.17
57,6.76403e+06,442583,11118.3
57,6.76403e+06,445431,16677.5
58,6.76353e+06,444540,0
58,6.76353e+06,447438,5568.77
58,6.76353e+06,450336,11137.6
58,6.76353e+06,453234,16706.3
59,6.76302e+06,452194,0
59,6.76302e+06,455141,5578.38
59,6.76302e+06,458089,11156.8
59,6.76302e+06,461037,16735.1
60,6.7625e+06,459846,0
60,6.7625e+06,462844,5587.97
60,6.7625e+06,465842,11175.9
60,6.7625e+06,468839,16763.9
61,6.76198e+06,467498,0
61,6.76198e+06,470546,5597.56
61,6.76198e+06,473593,11195.1
61,6.76198e+06,476641,16792.7
62,6.76144e+06,475150,0
62,6.76144e+06,478247,5607.14
62,6.76145e+06,481345,11214.3
62,6.76145e+06,484442,16821.4
63,6.7609e+06,482800,0
63,6.7609e+06,485948,5616.71
63,6.7609e+06,489095,11233.4
63,6.7609e+06,492242,16850.1
64,6.76035e+06,490451,0
64,6.76035e+06,493648,5626.28
64,6.76035e+06,496845,11252.6
64,6.76035e+06,500042,16878.8
65,6.75979e+06,498100,0
65,6.75979e+06,501347,5635.84
65,6.75979e+06,504594,11271.7
65,6.75979e+06,507841,16907.5
66,6.75922e+06,505749,0
66,6.75922e+06,509046,5645.39
66,6.75922e+06,512343,11290.8
66,6.75922e+06,515640,16936.2
67,6.75865e+06,513397,0
67,6.75865e+06,516744,5654.94
67,6.75865e+06,520091,11309.9
67,6.75865e+06,523438,16964.8
68,6.75806e+06,521045,0
68,6.75806e+06,524442,5664.47
68,6.75806e+06,527838,11328.9
68,6.75806e+06,531235,16993.4
69,6.75746e+06,528692,0
69,6.75747e+06,532138,5674
69,6.75747e+06,535585,11348
69,6.75747e+06,539031,17022
70,6.75686e+06,536338,0
70,6.75686e+06,539834,5683.53
70,6.75686e+06,543331,11367.1
70,6.75686e+06,546827,17050.6
71,6.75625e+06,543984,0
71,6.75625e+06,547530,5693.04
71,6.75625e+06,551076,11386.1
71,6.75625e+06,554622,17079.1
72,6.75563e+06,551629,0
72,6.75563e+06,555225,5702.55
72,6.75563e+06,558821,11405.1
72,6.75563e+06,562417,17107.7
73,6.755e+06,559273,0
73,6.755e+06,562919,5712.05
73,6.755e+06,566565,11424.1
73,6.755e+06,570210,17136.2
74,6.75436e+06,566916,0
74,6.75436e+06,570612,5721.54
74,6.75436e+06,574308,11443.1
74,6.75436e+06,578003,17164.6
75,6.75372e+06,574559,0
75,6.75372e+06,578304,5731.03
75,6.75372e+06,582050,11462.1
75,6.75372e+06,585796,17193.1
76,6.75306e+06,582201,0
76,6.75306e+06,585996,5740.51
76,6.75306e+06,589792,11481
76,6.75306e+06,593587,17221.5
77,6.7524e+06,589842,0
77,6.7524e+06,593687,5749.98
77,6.7524e+06,597533,11500
77,6.7524e+06,601378,17249.9
78,6.75172e+06,597483,0
78,6.75172e+06,601378,5759.44
78,6.75173e+06,605273,11518.9
78,6.75173e+06,609168,17278.3
79,6.75104e+06,605122,0
79,6.75104e+06,609067,5768.9
79,6.75104e+06,613012,11537.8
79,6.75105e+06,616957,17306.7
80,6.75035e+06,612761,0
80,6.75035e+06,616756,5778.35
80,6.75035e+06,620751,11556.7
80,6.75036e+06,624745,17335.1
81,6.74965e+06,620400,0
81,6.74966e+06,624444,5787.79
81,6.74966e+06,628488,11575.6
81,6.74966e+06,632533,17363.4
82,6.74895e+06,628037,0
82,6.74895e+06,632131,5797.23
82,6.74895e+06,636225,11594.5
82,6.74895e+06,640319,17391.7
83,6.74823e+06,635673,0
83,6.74823e+06,639817,5806.65
83,6.74823e+06,643961,11613.3
83,6.74823e+06,648105,17420
84,6.74751e+06,643309,0
84,6.74751e+06,647503,5816.07
84,6.74751e+06,651697,11632.1
84,6.74751e+06,655890,17448.2
85,6.74677e+06,650944,0
85,6.74678e+06,655188,5825.48
85,6.74678e+06,659431,11651
85,6.74678e+06,663675,17476.5
86,6.74603e+06,658578,0
86,6.74603e+06,662872,5834.89
86,6.74603e+06,667165,11669.8
86,6.74604e+06,671458,17504.7
87,6.74528e+06,666211,0
87,6.74528e+06,670555,5844.29
87,6.74528e+06,674898,11688.6
87,6.74529e+06,679241,17532.9
88,6.74452e+06,673844,0
88,6.74452e+06,678237,5853.67
88,6.74453e+06,682629,11707.4
88,6.74453e+06,687022,17561
89,6.74376e+06,681475,0
89,6.74376e+06,685918,5863.06
89,6.74376e+06,690361,11726.1
89,6.74376e+06,694803,17589.2
90,6.74298e+06,689106,0
90,6.74298e+06,693598,5872.43
90,6.74298e+06,698091,11744.9
90,6.74298e+06,702583,17617.3
91,6.74219e+06,696736,0
91,6.7422e+06,701278,5881.8
91,6.7422e+06,705820,11763.6
91,6.7422e+06,710362,17645.4
92,6.7414e+06,704365,0
92,6.7414e+06,708956,5891.16
92,6.7414e+06,713548,11782.3
92,6.7414e+06,718140,17673.5
93,6.7406e+06,711993,0
93,6.7406e+06,716634,5900.51
93,6.7406e+06,721276,11801
93,6.7406e+06,725917,17701.5
94,6.73979e+06,719620,0
94,6.73979e+06,724311,5909.85
94,6.73979e+06,729002,11819.7
94,6.73979e+06,733693,17729.6
95,6.73897e+06,727246,0
95,6.73897e+06,731987,5919.19
95,6.73897e+06,736728,11838.4
95,6.73897e+06,741469,17757.6
96,6.73814e+06,734871,0
96,6.73814e+06,739662,5928.52
96,6.73814e+06,744452,11857
96,6.73814e+06,749243,17785.6
97,6.7373e+06,742495,0
97,6.7373e+06,747336,5937.84
97,6.73731e+06,752176,11875.7
97,6.73731e+06,757016,17813.5
98,6.73646e+06,750119,0
98,6.73646e+06,755009,5947.15
98,6.73646e+06,759899,11894.3
98,6.73646e+06,764789,17841.5
99,6.7356e+06,757741,0
99,6.73561e+06,762681,5956.46
99,6.73561e+06,767621,11912.9
99,6.73561e+06,772560,17869.4
100,6.73474e+06,765362,0
100,6.73474e+06,770352,5965.76
100,6.73474e+06,775341,11931.5
100,6.73475e+06,780331,17897.3
101,6.73387e+06,772983,0
101,6.73387e+06,778022,5975.05
101,6.73387e+06,783061,11950.1
101,6.73388e+06,788100,17925.2
102,6.73299e+06,780602,0
102,6.73299e+06,785691,5984.33
102,6.73299e+06,790780,11968.7
102,6.733e+06,795869,17953
103,6.7321e+06,788221,0
103,6.7321e+06,793359,5993.61
103,6.73211e+06,798498,11987.2
103,6.73211e+06,803636,17980.8
104,6.7312e+06,795838,0
104,6.73121e+06,801026,6002.87
104,6.73121e+06,806214,12005.8
104,6.73121e+06,811403,18008.6
105,6.7303e+06,803454,0
105,6.7303e+06,808692,6012.13
105,6.7303e+06,813930,12024.3
105,6.73031e+06,819168,18036.4
106,6.72938e+06,811070,0
106,6.72939e+06,816357,6021.39
106,6.72939e+06,821645,12042.8
106,6.72939e+06,826932,18064.2
107,6.72846e+06,818684,0
107,6.72846e+06,824021,6030.63
107,6.72847e+06,829358,12061.3
107,6.72847e+06,834695,18091.9
108,6.72753e+06,826297,0
108,6.72753e+06,831684,6039.87
108,6.72753e+06,837071,12079.7
108,6.72754e+06,842458,18119.6
109,6.72659e+06,833910,0
109,6.72659e+06,839346,6049.1
109,6.72659e+06,844782,12098.2
109,6.7266e+06,850219,18147.3
110,6.72564e+06,841521,0
110,6.72564e+06,847007,6058.32
110,6.72565e+06,852493,12116.6
110,6.72565e+06,857979,18175
111,6.72468e+06,849131,0
111,6.72468e+06,854666,6067.53
111,6.72469e+06,860202,12135.1
111,6.72469e+06,865738,18202.6
112,6.72372e+06,856740,0
112,6.72372e+06,862325,6076.74
112,6.72372e+06,867910,12153.5
112,6.72373e+06,873495,18230.2
113,6.72274e+06,864348,0
113,6.72274e+06,869982,6085.93
113,6.72275e+06,875617,12171.9
113,6.72275e+06,881252,18257.8
114,6.72176e+06,871954,0
114,6.72176e+06,877639,6095.12
114,6.72176e+06,883323,12190.3
114,6.72177e+06,889008,18285.4
115,6.72077e+06,879560,0
115,6.72077e+06,885294,6104.3
115,6.72077e+06,891028,12208.6
115,6.72078e+06,896762,18312.9
116,6.71976e+06,887164,0
116,6.71977e+06,892948,6113.48
116,6.71977e+06,898732,12227
116,6.71978e+06,904515,18340.5
117,6.71876e+06,894768,0
117,6.71876e+06,900601,6122.65
117,6.71876e+06,906434,12245.3
117,6.71877e+06,912267,18368
118,6.71774e+06,902370,0
118,6.71774e+06,908253,6131.8
118,6.71775e+06,914136,12263.6
118,6.71775e+06,920018,18395.4
119,6.71671e+06,909971,0
119,6.71671e+06,915903,6140.95
119,6.71672e+06,921836,12281.9
119,6.71672e+06,927768,18422.9
120,6.71568e+06,917571,0
120,6.71568e+06,923553,6150.1
120,6.71568e+06,929535,12300.2
120,6.71569e+06,935517,18450.3
121,6.71463e+06,925170,0
121,6.71464e+06,931201,6159.23
121,6.71464e+06,937233,12318.5
121,6.71464e+06,943264,18477.7
122,6.71358e+06,932767,0
122,6.71358e+06,938848,6168.36
122,6.71359e+06,944929,12336.7
122,6.71359e+06,951010,18505.1
123,6.71252e+06,940364,0
123,6.71252e+06,946494,6177.48
123,6.71253e+06,952625,12355
123,6.71253e+06,958755,18532.5
124,6.71145e+06,947959,0
124,6.71145e+06,954139,6186.59
124,6.71146e+06,960319,12373.2
124,6.71146e+06,966499,18559.8
125,6.71037e+06,955553,0
125,6.71038e+06,961782,6195.69
125,6.71038e+06,968012,12391.4
125,6.71039e+06,974241,18587.1
126,6.70928e+06,963145,0
126,6.70929e+06,969425,6204.79
126,6.70929e+06,975704,12409.6
126,6.7093e+06,981983,18614.4
127,6.70819e+06,970737,0
127,6.70819e+06,977065,6213.87
127,6.7082e+06,983394,12427.8
127,6.7082e+06,989723,18641.6
128,6.70709e+06,978327,0
128,6.70709e+06,984705,6222.95
128,6.7071e+06,991083,12445.9
128,6.7071e+06,997461,18668.9
129,6.70597e+06,985916,0
129,6.70598e+06,992344,6232.02
129,6.70598e+06,998771,12464.1
129,6.70599e+06,1.0052e+06,18696.1
130,6.70485e+06,993504,0
130,6.70486e+06,999981,6241.09
130,6.70486e+06,1.00646e+06,12482.2
130,6.70487e+06,1.01293e+06,18723.3
131,6.70372e+06,1.00109e+06,0
131,6.70373e+06,1.00762e+06,6250.14
131,6.70373e+06,1.01414e+06,12500.3
131,6.70374e+06,1.02067e+06,18750.5
132,6.70258e+06,1.00868e+06,0
132,6.70259e+06,1.01525e+06,6259.19
132,6.7026e+06,1.02183e+06,12518.4
132,6.7026e+06,1.0284e+06,18777.6
133,6.70144e+06,1.01626e+06,0
133,6.70144e+06,1.02288e+06,6268.23
133,6.70145e+06,1.02951e+06,12536.5
133,6.70145e+06,1.03614e+06,18804.7
134,6.70028e+06,1.02384e+06,0
134,6.70029e+06,1.03052e+06,6277.26
134,6.70029e+06,1.03719e+06,12554.5
134,6.7003e+06,1.04387e+06,18831.8
135,6.69912e+06,1.03142e+06,0
135,6.69912e+06,1.03815e+06,6286.28
135,6.69913e+06,1.04487e+06,12572.6
135,6.69914e+06,1.0516e+06,18858.9
136,6.69794e+06,1.039e+06,0
136,6.69795e+06,1.04578e+06,6295.3
136,6.69796e+06,1.05255e+06,12590.6
136,6.69796e+06,1.05932e+06,18885.9
137,6.69676e+06,1.04658e+06,0
137,6.69677e+06,1.0534e+06,6304.3
137,6.69678e+06,1.06023e+06,12608.6
137,6.69678e+06,1.06705e+06,18912.9
138,6.69557e+06,1.05416e+06,0
138,6.69558e+06,1.06103e+06,6313.3
138,6.69559e+06,1.0679e+06,12626.6
138,6.69559e+06,1.07478e+06,18939.9
139,6.69437e+06,1.06173e+06,0
139,6.69438e+06,1.06866e+06,6322.29
139,6.69439e+06,1.07558e+06,12644.6
139,6.6944e+06,1.0825e+06,18966.9
140,6.69317e+06,1.06931e+06,0
140,6.69318e+06,1.07628e+06,6331.28
140,6.69318e+06,1.08325e+06,12662.6
140,6.69319e+06,1.09022e+06,18993.9
141,6.69195e+06,1.07688e+06,0
141,6.69196e+06,1.0839e+06,6340.25
141,6.69197e+06,1.09092e+06,12680.5
141,6.69197e+06,1.09794e+06,19020.8
142,6.69073e+06,1.08445e+06,0
142,6.69074e+06,1.09152e+06,6349.22
142,6.69074e+06,1.09859e+06,12698.4
142,6.69075e+06,1.10566e+06,19047.7
143,6.6895e+06,1.09202e+06,0
143,6.6895e+06,1.09914e+06,6358.17
143,6.68951e+06,1.10626e+06,12716.4
143,6.68952e+06,1.11338e+06,19074.6
144,6.68825e+06,1.09959e+06,0
144,6.68826e+06,1.10676e+06,6367.12
144,6.68827e+06,1.11393e+06,12734.3
144,6.68828e+06,1.1211e+06,19101.4
145,6.687e+06,1.10716e+06,0
145,6.68701e+06,1.11438e+06,6376.07
145,6.68702e+06,1.1216e+06,12752.1
145,6.68703e+06,1.12882e+06,19128.2
146,6.68575e+06,1.11473e+06,0
146,6.68575e+06,1.12199e+06,6385
146,6.68576e+06,1.12926e+06,12770
146,6.68577e+06,1.13653e+06,19155
147,6.68448e+06,1.12229e+06,0
147,6.68449e+06,1.12961e+06,6393.92
147,6.6845e+06,1.13693e+06,12787.9
147,6.68451e+06,1.14424e+06,19181.8
148,6.6832e+06,1.12986e+06,0
148,6.68321e+06,1.13722e+06,6402.84
148,6.68322e+06,1.14459e+06,12805.7
148,6.68323e+06,1.15195e+06,19208.6
149,6.68192e+06,1.13742e+06,0
149,6.68193e+06,1.14483e+06,6411.75
149,6.68194e+06,1.15225e+06,12823.5
149,6.68195e+06,1.15966e+06,19235.3
150,6.68063e+06,1.14498e+06,0
150,6.68064e+06,1.15244e+06,6420.65
150,6.68064e+06,1.15991e+06,12841.3
150,6.68065e+06,1.16737e+06,19262
151,6.67932e+06,1.15254e+06,0
151,6.67933e+06,1.16005e+06,6429.54
151,6.67934e+06,1.16757e+06,12859.1
151,6.67935e+06,1.17508e+06,19288.7
152,6.67801e+06,1.16009e+06,0
152,6.67802e+06,1.16766e+06,6438.43
152,6.67803e+06,1.17522e+06,12876.9
152,6.67804e+06,1.18278e+06,19315.3
153,6.6767e+06,1.16765e+06,0
153,6.67671e+06,1.17526e+06,6447.3
153,6.67672e+06,1.18288e+06,12894.6
153,6.67673e+06,1.19049e+06,19342
154,6.67537e+06,1.1752e+06,0
154,6.67538e+06,1.18287e+06,6456.17
154,6.67539e+06,1.19053e+06,12912.4
154,6.6754e+06,1.19819e+06,19368.6
155,6.67403e+06,1.18276e+06,0
155,6.67404e+06,1.19047e+06,6465.03
155,6.67406e+06,1.19818e+06,12930.1
155,6.67407e+06,1.20589e+06,19395.1
156,6.67269e+06,1.19031e+06,0
156,6.6727e+06,1.19807e+06,6473.88
156,6.67271e+06,1.20583e+06,12947.8
156,6.67272e+06,1.21359e+06,19421.7
157,6.67134e+06,1.19786e+06,0
157,6.67135e+06,1.20567e+06,6482.72
157,6.67136e+06,1.21348e+06,12965.5
157,6.67137e+06,1.22129e+06,19448.2
158,6.66998e+06,1.20541e+06,0
158,6.66999e+06,1.21327e+06,6491.56
158,6.67e+06,1.22113e+06,12983.1
158,6.67001e+06,1.22898e+06,19474.7
159,6.66861e+06,1.21295e+06,0
159,6.66862e+06,1.22086e+06,6500.38
159,6.66863e+06,1.22877e+06,13000.8
159,6.66864e+06,1.23668e+06,19501.2
160,6.66723e+06,1.2205e+06,0
160,6.66724e+06,1.22846e+06,6509.2
160,6.66725e+06,1.23641e+06,13018.4
160,6.66726e+06,1.24437e+06,19527.7
161,6.66584e+06,1.22804e+06,0
161,6.66585e+06,1.23605e+06,6518.01
161,6.66587e+06,1.24406e+06,13036
161,6.66588e+06,1.25206e+06,19554.1
162,6.66445e+06,1.23559e+06,0
162,6.66446e+06,1.24364e+06,6526.81
162,6.66447e+06,1.2517e+06,13053.6
162,6.66448e+06,1.25975e+06,19580.5
163,6.66304e+06,1.24313e+06,0
163,6.66305e+06,1.25123e+06,6535.6
163,6.66307e+06,1.25934e+06,13071.2
163,6.66308e+06,1.26744e+06,19606.9
164,6.66163e+06,1.25066e+06,0
164,6.66164e+06,1.25882e+06,6544.39
164,6.66166e+06,1.26697e+06,13088.8
164,6.66167e+06,1.27513e+06,19633.2
165,6.66021e+06,1.2582e+06,0
165,6.66022e+06,1.26641e+06,6553.16
165,6.66024e+06,1.27461e+06,13106.4
165,6.66025e+06,1.28281e+06,19659.6
166,6.65878e+06,1.26574e+06,0
166,6.65879e+06,1.27399e+06,6561.93
166,6.65881e+06,1.28224e+06,13123.9
166,6.65882e+06,1.2905e+06,19685.9
167,6.65734e+06,1.27327e+06,0
167,6.65735e+06,1.28157e+06,6570.69
167,6.65737e+06,1.28988e+06,13141.4
167,6.65738e+06,1.29818e+06,19712.1
168,6.65589e+06,1.2808e+06,0
168,6.65591e+06,1.28916e+06,6579.44
168,6.65592e+06,1.29751e+06,13158.9
168,6.65594e+06,1.30586e+06,19738.4
169,6.65444e+06,1.28834e+06,0
169,6.65445e+06,1.29674e+06,6588.18
169,6.65447e+06,1.30514e+06,13176.4
169,6.65448e+06,1.31354e+06,19764.6
170,6.65298e+06,1.29586e+06,0
170,6.65299e+06,1.30431e+06,6596.91
170,6.65301e+06,1.31276e+06,13193.9
170,6.65302e+06,1.32121e+06,19790.8
171,6.6515e+06,1.30339e+06,0
171,6.65152e+06,1.31189e+06,6605.64
171,6.65153e+06,1.32039e+06,13211.3
171,6.65155e+06,1.32889e+06,19817
172,6.65002e+06,1.31092e+06,0
172,6.65004e+06,1.31947e+06,6614.36
172,6.65005e+06,1.32801e+06,13228.7
172,6.65007e+06,1.33656e+06,19843.2
173,6.64853e+06,1.31844e+06,0
173,6.64855e+06,1.32704e+06,6623.06
173,6.64857e+06,1.33564e+06,13246.2
173,6.64858e+06,1.34423e+06,19869.3
174,6.64704e+06,1.32596e+06,0
174,6.64705e+06,1.33461e+06,6631.76
174,6.64707e+06,1.34326e+06,13263.6
174,6.64709e+06,1.3519e+06,19895.4
175,6.64553e+06,1.33349e+06,0
175,6.64555e+06,1.34218e+06,6640.45
175,6.64556e+06,1.35088e+06,13280.9
175,6.64558e+06,1.35957e+06,19921.5
176,6.64401e+06,1.341e+06,0
176,6.64403e+06,1.34975e+06,6649.14
176,6.64405e+06,1.35849e+06,13298.3
176,6.64407e+06,1.36724e+06,19947.5
177,6.64249e+06,1.34852e+06,0
177,6.64251e+06,1.35731e+06,6657.81
177,6.64253e+06,1.36611e+06,13315.7
177,6.64255e+06,1.3749e+06,19973.5
178,6.64096e+06,1.35604e+06,0
178,6.64098e+06,1.36488e+06,6666.48
178,6.641e+06,1.37372e+06,13333
178,6.64101e+06,1.38256e+06,19999.5
179,6.63942e+06,1.36355e+06,0
179,6.63944e+06,1.37244e+06,6675.13
179,6.63946e+06,1.38133e+06,13350.3
179,6.63948e+06,1.39022e+06,20025.5
180,6.63787e+06,1.37106e+06,0
180,6.63789e+06,1.38e+06,6683.78
180,6.63791e+06,1.38894e+06,13367.6
180,6.63793e+06,1.39788e+06,20051.4
181,6.63631e+06,1.37857e+06,0
181,6.63633e+06,1.38756e+06,6692.42
181,6.63635e+06,1.39655e+06,13384.9
181,6.63637e+06,1.40554e+06,20077.4
182,6.63475e+06,1.38608e+06,0
182,6.63477e+06,1.39512e+06,6701.05
182,6.63479e+06,1.40416e+06,13402.1
182,6.63481e+06,1.4132e+06,20103.3
183,6.63317e+06,1.39359e+06,0
183,6.63319e+06,1.40268e+06,6709.67
183,6.63321e+06,1.41176e+06,13419.4
183,6.63323e+06,1.42085e+06,20129.1
184,6.63159e+06,1.40109e+06,0
184,6.63161e+06,1.41023e+06,6718.29
184,6.63163e+06,1.41937e+06,13436.6
184,6.63165e+06,1.4285e+06,20155
185,6.63e+06,1.4086e+06,0
185,6.63002e+06,1.41778e+06,6726.89
185,6.63004e+06,1.42697e+06,13453.8
185,6.63006e+06,1.43615e+06,20180.8
186,6.6284e+06,1.4161e+06,0
186,6.62842e+06,1.42533e+06,6735.49
186,6.62844e+06,1.43457e+06,13471
186,6.62846e+06,1.4438e+06,20206.6
187,6.62679e+06,1.4236e+06,0
187,6.62681e+06,1.43288e+06,6744.08
187,6.62683e+06,1.44216e+06,13488.2
187,6.62686e+06,1.45145e+06,20232.4
188,6.62517e+06,1.4311e+06,0
188,6.62519e+06,1.44043e+06,6752.66
188,6.62522e+06,1.44976e+06,13505.4
188,6.62524e+06,1.45909e+06,20258.1
189,6.62355e+06,1.43859e+06,0
189,6.62357e+06,1.44797e+06,6761.23
189,6.62359e+06,1.45735e+06,13522.5
189,6.62362e+06,1.46674e+06,20283.8
190,6.62191e+06,1.44609e+06,0
190,6.62194e+06,1.45552e+06,6769.79
190,6.62196e+06,1.46495e+06,13539.6
190,6.62198e+06,1.47438e+06,20309.5
191,6.62027e+06,1.45358e+06,0
191,6.62029e+06,1.46306e+06,6778.34
191,6.62032e+06,1.47254e+06,13556.7
191,6.62034e+06,1.48202e+06,20335.2
192,6.61862e+06,1.46107e+06,0
192,6.61864e+06,1.4706e+06,6786.89
192,6.61867e+06,1.48012e+06,13573.8
192,6.61869e+06,1.48965e+06,20360.8
193,6.61696e+06,1.46856e+06,0
193,6.61699e+06,1.47813e+06,6795.42
193,6.61701e+06,1.48771e+06,13590.9
193,6.61704e+06,1.49729e+06,20386.4
194,6.61529e+06,1.47604e+06,0
194,6.61532e+06,1.48567e+06,6803.95
194,6.61534e+06,1.4953e+06,13607.9
194,6.61537e+06,1.50492e+06,20412
195,6.61362e+06,1.48353e+06,0
195,6.61364e+06,1.4932e+06,6812.47
195,6.61367e+06,1.50288e+06,13625
195,6.6137e+06,1.51255e+06,20437.5
196,6.61193e+06,1.49101e+06,0
196,6.61196e+06,1.50074e+06,6820.98
196,6.61199e+06,1.51046e+06,13642
196,6.61201e+06,1.52018e+06,20463.1
197,6.61024e+06,1.49849e+06,0
197,6.61027e+06,1.50827e+06,6829.48
197,6.61029e+06,1.51804e+06,13659
197,6.61032e+06,1.52781e+06,20488.6
198,6.60854e+06,1.50597e+06,0
198,6.60856e+06,1.51579e+06,6837.97
198,6.60859e+06,1.52561e+06,13676
198,6.60862e+06,1.53544e+06,20514.1
199,6.60683e+06,1.51345e+06,0
199,6.60685e+06,1.52332e+06,6846.45
199,6.60688e+06,1.53319e+06,13693
199,6.60691e+06,1.54306e+06,20539.5
200,6.60511e+06,1.52092e+06,0
200,6.60514e+06,1.53084e+06,6854.93
200,6.60517e+06,1.54076e+06,13709.9
200,6.6052e+06,1.55068e+06,20564.9
201,6.60338e+06,1.5284e+06,0
201,6.60341e+06,1.53837e+06,6863.39
201,6.60344e+06,1.54833e+06,13726.8
201,6.60347e+06,1.5583e+06,20590.3
202,6.60164e+06,1.53587e+06,0
202,6.60167e+06,1.54589e+06,6871.85
202,6.60171e+06,1.5559e+06,13743.8
202,6.60174e+06,1.56592e+06,20615.7
203,6.5999e+06,1.54334e+06,0
203,6.59993e+06,1.5534e+06,6880.3
203,6.59996e+06,1.56347e+06,13760.7
203,6.59999e+06,1.57353e+06,20641.1
204,6.59815e+06,1.55081e+06,0
204,6.59818e+06,1.56092e+06,6888.74
204,6.59821e+06,1.57103e+06,13777.5
204,6.59824e+06,1.58115e+06,20666.4
205,6.59639e+06,1.55827e+06,0
205,6.59642e+06,1.56843e+06,6897.17
205,6.59645e+06,1.5786e+06,13794.4
205,6.59648e+06,1.58876e+06,20691.7
206,6.59462e+06,1.56573e+06,0
206,6.59465e+06,1.57595e+06,6905.59
206,6.59468e+06,1.58616e+06,13811.2
206,6.59472e+06,1.59637e+06,20716.9
207,6.59284e+06,1.5732e+06,0
207,6.59287e+06,1.58346e+06,6914
207,6.59291e+06,1.59372e+06,13828.1
207,6.59294e+06,1.60398e+06,20742.2
208,6.59105e+06,1.58065e+06,0
208,6.59109e+06,1.59096e+06,6922.4
208,6.59112e+06,1.60127e+06,13844.9
208,6.59116e+06,1.61158e+06,20767.4
209,6.58926e+06,1.58811e+06,0
209,6.58929e+06,1.59847e+06,6930.8
209,6.58933e+06,1.60883e+06,13861.7
209,6.58936e+06,1.61919e+06,20792.6
210,6.58746e+06,1.59557e+06,0
210,6.58749e+06,1.60597e+06,6939.18
210,6.58753e+06,1.61638e+06,13878.4
210,6.58756e+06,1.62679e+06,20817.8
211,6.58564e+06,1.60302e+06,0
211,6.58568e+06,1.61348e+06,6947.56
211,6.58572e+06,1.62393e+06,13895.2
211,6.58575e+06,1.63439e+06,20842.9
212,6.58382e+06,1.61047e+06,0
212,6.58386e+06,1.62098e+06,6955.93
212,6.5839e+06,1.63148e+06,13911.9
212,6.58393e+06,1.64198e+06,20868
213,6.58199e+06,1.61792e+06,0
213,6.58203e+06,1.62847e+06,6964.29
213,6.58207e+06,1.63903e+06,13928.6
213,6.58211e+06,1.64958e+06,20893.1
214,6.58016e+06,1.62537e+06,0
214,6.5802e+06,1.63597e+06,6972.64
214,6.58023e+06,1.64657e+06,13945.3
214,6.58027e+06,1.65717e+06,20918.1
215,6.57831e+06,1.63281e+06,0
215,6.57835e+06,1.64346e+06,6980.98
215,6.57839e+06,1.65411e+06,13962
215,6.57843e+06,1.66476e+06,20943.2
216,6.57646e+06,1.64026e+06,0
216,6.5765e+06,1.65095e+06,6989.31
216,6.57654e+06,1.66165e+06,13978.7
216,6.57658e+06,1.67235e+06,20968.2
217,6.5746e+06,1.6477e+06,0
217,6.57464e+06,1.65844e+06,6997.64
217,6.57468e+06,1.66919e+06,13995.3
217,6.57472e+06,1.67994e+06,20993.1
218,6.57273e+06,1.65513e+06,0
218,6.57277e+06,1.66593e+06,7005.95
218,6.57281e+06,1.67673e+06,14012
218,6.57285e+06,1.68752e+06,21018.1
219,6.57085e+06,1.66257e+06,0
219,6.57089e+06,1.67342e+06,7014.26
219,6.57093e+06,1.68426e+06,14028.6
219,6.57097e+06,1.6951e+06,21043
220,6.56896e+06,1.67001e+06,0
220,6.569e+06,1.6809e+06,7022.55
220,6.56904e+06,1.69179e+06,14045.2
220,6.56909e+06,1.70269e+06,21067.9
221,6.56706e+06,1.67744e+06,0
221,6.56711e+06,1.68838e+06,7030.84
221,6.56715e+06,1.69932e+06,14061.8
221,6.56719e+06,1.71026e+06,21092.8
222,6.56516e+06,1.68487e+06,0
222,6.5652e+06,1.69586e+06,7039.12
222,6.56525e+06,1.70685e+06,14078.3
222,6.56529e+06,1.71784e+06,21117.6
223,6.56325e+06,1.6923e+06,0
223,6.56329e+06,1.70333e+06,7047.39
223,6.56333e+06,1.71437e+06,14094.9
223,6.56338e+06,1.72541e+06,21142.4
224,6.56132e+06,1.69972e+06,0
224,6.56137e+06,1.71081e+06,7055.65
224,6.56142e+06,1.7219e+06,14111.4
224,6.56146e+06,1.73298e+06,21167.2
225,6.55939e+06,1.70715e+06,0
225,6.55944e+06,1.71828e+06,7063.9
225,6.55949e+06,1.72942e+06,14127.9
225,6.55953e+06,1.74055e+06,21192
226,6.55746e+06,1.71457e+06,0
226,6.5575e+06,1.72575e+06,7072.14
226,6.55755e+06,1.73694e+06,14144.4
226,6.5576e+06,1.74812e+06,21216.7
227,6.55551e+06,1.72199e+06,0
227,6.55556e+06,1.73322e+06,7080.37
227,6.55561e+06,1.74445e+06,14160.8
227,6.55566e+06,1.75568e+06,21241.4
228,6.55355e+06,1.7294e+06,0
228,6.5536e+06,1.74068e+06,7088.6
228,6.55365e+06,1.75197e+06,14177.3
228,6.5537e+06,1.76325e+06,21266.1
229,6.55159e+06,1.73682e+06,0
229,6.55164e+06,1.74815e+06,7096.81
229,6.55169e+06,1.75948e+06,14193.7
229,6.55174e+06,1.77081e+06,21290.7
230,6.54962e+06,1.74423e+06,0
230,6.54967e+06,1.75561e+06,7105.02
230,6.54972e+06,1.76699e+06,14210.1
230,6.54977e+06,1.77837e+06,21315.3
231,6.54764e+06,1.75164e+06,0
231,6.54769e+06,1.76307e+06,7113.21
231,6.54774e+06,1.77449e+06,14226.5
231,6.5478e+06,1.78592e+06,21339.9
232,6.54565e+06,1.75905e+06,0
232,6.5457e+06,1.77052e+06,7121.4
232,6.54576e+06,1.782e+06,14242.9
232,6.54581e+06,1.79347e+06,21364.5
233,6.54365e+06,1.76645e+06,0
233,6.54371e+06,1.77798e+06,7129.58
233,6.54376e+06,1.7895e+06,14259.3
233,6.54382e+06,1.80103e+06,21389
234,6.54165e+06,1.77386e+06,0
234,6.5417e+06,1.78543e+06,7137.75
234,6.54176e+06,1.797e+06,14275.6
234,6.54181e+06,1.80858e+06,21413.6
235,6.53964e+06,1.78126e+06,0
235,6.53969e+06,1.79288e+06,7145.91
235,6.53975e+06,1.8045e+06,14291.9
235,6.5398e+06,1.81612e+06,21438
236,6.53761e+06,1.78866e+06,0
236,6.53767e+06,1.80033e+06,7154.06
236,6.53773e+06,1.812e+06,14308.2
236,6.53778e+06,1.82367e+06,21462.5
237,6.53558e+06,1.79605e+06,0
237,6.53564e+06,1.80777e+06,7162.2
237,6.5357e+06,1.81949e+06,14324.5
237,6.53576e+06,1.83121e+06,21486.9
238,6.53354e+06,1.80345e+06,0
238,6.5336e+06,1.81521e+06,7170.33
238,6.53366e+06,1.82698e+06,14340.8
238,6.53372e+06,1.83875e+06,21511.3
239,6.5315e+06,1.81084e+06,0
239,6.53156e+06,1.82266e+06,7178.46
239,6.53161e+06,1.83447e+06,14357
239,6.53167e+06,1.84628e+06,21535.7
240,6.52944e+06,1.81823e+06,0
240,6.5295e+06,1.83009e+06,7186.57
240,6.52956e+06,1.84196e+06,14373.3
240,6.52962e+06,1.85382e+06,21560.1
241,6.52738e+06,1.82562e+06,0
241,6.52744e+06,1.83753e+06,7194.67
241,6.5275e+06,1.84944e+06,14389.5
241,6.52756e+06,1.86135e+06,21584.4
242,6.52531e+06,1.833e+06,0
242,6.52537e+06,1.84496e+06,7202.77
242,6.52543e+06,1.85692e+06,14405.7
242,6.52549e+06,1.86888e+06,21608.7
243,6.52322e+06,1.84039e+06,0
243,6.52329e+06,1.85239e+06,7210.86
243,6.52335e+06,1.8644e+06,14421.8
243,6.52341e+06,1.87641e+06,21632.9
244,6.52114e+06,1.84777e+06,0
244,6.5212e+06,1.85982e+06,7218.93
244,6.52126e+06,1.87188e+06,14438
244,6.52133e+06,1.88394e+06,21657.2
245,6.51904e+06,1.85514e+06,0
245,6.5191e+06,1.86725e+06,7227
245,6.51917e+06,1.87935e+06,14454.1
245,6.51923e+06,1.89146e+06,21681.4
246,6.51693e+06,1.86252e+06,0
246,6.517e+06,1.87467e+06,7235.06
246,6.51706e+06,1.88683e+06,14470.2
246,6.51713e+06,1.89898e+06,21705.6
247,6.51482e+06,1.86989e+06,0
247,6.51488e+06,1.88209e+06,7243.11
247,6.51495e+06,1.8943e+06,14486.3
247,6.51502e+06,1.9065e+06,21729.7
248,6.5127e+06,1.87726e+06,0
248,6.51276e+06,1.88951e+06,7251.15
248,6.51283e+06,1.90176e+06,14502.4
248,6.5129e+06,1.91401e+06,21753.8
249,6.51057e+06,1.88463e+06,0
249,6.51063e+06,1.89693e+06,7259.18
249,6.5107e+06,1.90923e+06,14518.5
249,6.51077e+06,1.92153e+06,21777.9
250,6.50843e+06,1.892e+06,0
250,6.5085e+06,1.90434e+06,7267.2
250,6.50857e+06,1.91669e+06,14534.5
250,6.50864e+06,1.92904e+06,21802
251,6.50628e+06,1.89936e+06,0
251,6.50635e+06,1.91176e+06,7275.21
251,6.50642e+06,1.92415e+06,14550.6
251,6.50649e+06,1.93654e+06,21826.1
252,6.50412e+06,1.90672e+06,0
252,6.50419e+06,1.91917e+06,7283.21
252,6.50427e+06,1.93161e+06,14566.6
252,6.50434e+06,1.94405e+06,21850.1
253,6.50196e+06,1.91408e+06,0
253,6.50203e+06,1.92657e+06,7291.21
253,6.50211e+06,1.93906e+06,14582.6
253,6.50218e+06,1.95155e+06,21874.1
254,6.49979e+06,1.92144e+06,0
254,6.49986e+06,1.93398e+06,7299.19
254,6.49994e+06,1.94652e+06,14598.5
254,6.50001e+06,1.95905e+06,21898
255,6.49761e+06,1.92879e+06,0
255,6.49768e+06,1.94138e+06,7307.17
255,6.49776e+06,1.95397e+06,14614.5
255,6.49783e+06,1.96655e+06,21921.9
256,6.49542e+06,1.93614e+06,0
256,6.49549e+06,1.94878e+06,7315.13
256,6.49557e+06,1.96141e+06,14630.4
256,6.49565e+06,1.97405e+06,21945.8
257,6.49322e+06,1.94349e+06,0
257,6.4933e+06,1.95617e+06,7323.09
257,6.49338e+06,1.96886e+06,14646.3
257,6.49346e+06,1.98154e+06,21969.7
258,6.49101e+06,1.95084e+06,0
258,6.49109e+06,1.96357e+06,7331.03
258,6.49117e+06,1.9763e+06,14662.2
258,6.49125e+06,1.98903e+06,21993.6
259,6.4888e+06,1.95818e+06,0
259,6.48888e+06,1.97096e+06,7338.97
259,6.48896e+06,1.98374e+06,14678.1
259,6.48904e+06,1.99652e+06,22017.4
260,6.48658e+06,1.96552e+06,0
260,6.48666e+06,1.97835e+06,7346.9
260,6.48674e+06,1.99118e+06,14694
260,6.48682e+06,2.00401e+06,22041.2
261,6.48435e+06,1.97286e+06,0
261,6.48443e+06,1.98574e+06,7354.81
261,6.48451e+06,1.99861e+06,14709.8
261,6.4846e+06,2.01149e+06,22064.9
262,6.48211e+06,1.9802e+06,0
262,6.48219e+06,1.99312e+06,7362.72
262,6.48228e+06,2.00605e+06,14725.6
262,6.48236e+06,2.01897e+06,22088.7
263,6.47986e+06,1.98753e+06,0
263,6.47994e+06,2.0005e+06,7370.62
263,6.48003e+06,2.01348e+06,14741.4
263,6.48012e+06,2.02645e+06,22112.4
264,6.4776e+06,1.99486e+06,0
264,6.47769e+06,2.00788e+06,7378.51
264,6.47778e+06,2.0209e+06,14757.2
264,6.47787e+06,2.03392e+06,22136.1
265,6.47534e+06,2.00219e+06,0
265,6.47543e+06,2.01526e+06,7386.39
265,6.47552e+06,2.02833e+06,14773
265,6.47561e+06,2.0414e+06,22159.7
266,6.47307e+06,2.00952e+06,0
266,6.47316e+06,2.02263e+06,7394.26
266,6.47325e+06,2.03575e+06,14788.7
266,6.47334e+06,2.04887e+06,22183.3
267,6.47079e+06,2.01684e+06,0
267,6.47088e+06,2.03001e+06,7402.12
267,6.47097e+06,2.04317e+06,14804.4
267,6.47106e+06,2.05634e+06,22206.9
268,6.4685e+06,2.02416e+06,0
268,6.46859e+06,2.03737e+06,7409.98
268,6.46868e+06,2.05059e+06,14820.1
268,6.46878e+06,2.0638e+06,22230.5
269,6.4662e+06,2.03148e+06,0
269,6.46629e+06,2.04474e+06,7417.82
269,6.46639e+06,2.058e+06,14835.8
269,6.46648e+06,2.07126e+06,22254
270,6.46389e+06,2.0388e+06,0
270,6.46399e+06,2.0521e+06,7425.65
270,6.46409e+06,2.06541e+06,14851.5
270,6.46418e+06,2.07872e+06,22277.5
271,6.46158e+06,2.04611e+06,0
271,6.46168e+06,2.05947e+06,7433.47
271,6.46177e+06,2.07282e+06,14867.1
271,6.46187e+06,2.08618e+06,22301
272,6.45926e+06,2.05342e+06,0
272,6.45936e+06,2.06682e+06,7441.29
272,6.45946e+06,2.08023e+06,14882.8
272,6.45956e+06,2.09363e+06,22324.5
273,6.45693e+06,2.06073e+06,0
273,6.45703e+06,2.07418e+06,7449.09
273,6.45713e+06,2.08763e+06,14898.4
273,6.45723e+06,2.10109e+06,22347.9
274,6.45459e+06,2.06803e+06,0
274,6.45469e+06,2.08153e+06,7456.89
274,6.45479e+06,2.09503e+06,14914
274,6.45489e+06,2.10853e+06,22371.3
275,6.45224e+06,2.07534e+06,0
275,6.45234e+06,2.08888e+06,7464.67
275,6.45245e+06,2.10243e+06,14929.5
275,6.45255e+06,2.11598e+06,22394.6
276,6.44989e+06,2.08264e+06,0
276,6.44999e+06,2.09623e+06,7472.45
276,6.4501e+06,2.10983e+06,14945.1
276,6.4502e+06,2.12343e+06,22418
277,6.44752e+06,2.08993e+06,0
277,6.44763e+06,2.10358e+06,7480.21
277,6.44774e+06,2.11722e+06,14960.6
277,6.44784e+06,2.13087e+06,22441.3
278,6.44515e+06,2.09723e+06,0
278,6.44526e+06,2.11092e+06,7487.97
278,6.44537e+06,2.12461e+06,14976.2
278,6.44548e+06,2.1383e+06,22464.5
279,6.44277e+06,2.10452e+06,0
279,6.44288e+06,2.11826e+06,7495.72
279,6.44299e+06,2.132e+06,14991.6
279,6.4431e+06,2.14574e+06,22487.8
280,6.44038e+06,2.11181e+06,0
280,6.44049e+06,2.1256e+06,7503.45
280,6.4406e+06,2.13938e+06,15007.1
280,6.44072e+06,2.15317e+06,22511
281,6.43799e+06,2.11909e+06,0
281,6.4381e+06,2.13293e+06,7511.18
281,6.43821e+06,2.14677e+06,15022.6
281,6.43832e+06,2.1606e+06,22534.2
282,6.43558e+06,2.12638e+06,0
282,6.4357e+06,2.14026e+06,7518.9
282,6.43581e+06,2.15415e+06,15038
282,6.43592e+06,2.16803e+06,22557.4
283,6.43317e+06,2.13366e+06,0
283,6.43328e+06,2.14759e+06,7526.61
283,6.4334e+06,2.16152e+06,15053.4
283,6.43352e+06,2.17545e+06,22580.5
284,6.43075e+06,2.14094e+06,0
284,6.43086e+06,2.15492e+06,7534.3
284,6.43098e+06,2.1689e+06,15068.8
284,6.4311e+06,2.18288e+06,22603.6
285,6.42832e+06,2.14821e+06,0
285,6.42844e+06,2.16224e+06,7541.99
285,6.42856e+06,2.17627e+06,15084.2
285,6.42868e+06,2.1903e+06,22626.7
286,6.42588e+06,2.15549e+06,0
286,6.426e+06,2.16956e+06,7549.67
286,6.42612e+06,2.18364e+06,15099.6
286,6.42624e+06,2.19771e+06,22649.7
287,6.42344e+06,2.16276e+06,0
287,6.42356e+06,2.17688e+06,7557.34
287,6.42368e+06,2.191e+06,15114.9
287,6.4238e+06,2.20513e+06,22672.8
288,6.42098e+06,2.17002e+06,0
288,6.4211e+06,2.18419e+06,7565
288,6.42123e+06,2.19836e+06,15130.2
288,6.42135e+06,2.21254e+06,22695.7
289,6.41852e+06,2.17729e+06,0
289,6.41864e+06,2.19151e+06,7572.65
289,6.41877e+06,2.20572e+06,15145.6
289,6.4189e+06,2.21994e+06,22718.7
290,6.41605e+06,2.18455e+06,0
290,6.41617e+06,2.19881e+06,7580.29
290,6.4163e+06,2.21308e+06,15160.8
290,6.41643e+06,2.22735e+06,22741.6
291,6.41357e+06,2.19181e+06,0
291,6.4137e+06,2.20612e+06,7587.92
291,6.41383e+06,2.22044e+06,15176.1
291,6.41396e+06,2.23475e+06,22764.5
292,6.41108e+06,2.19906e+06,0
292,6.41121e+06,2.21343e+06,7595.54
292,6.41134e+06,2.22779e+06,15191.3
292,6.41147e+06,2.24215e+06,22787.4
293,6.40859e+06,2.20632e+06,0
293,6.40872e+06,2.22073e+06,7603.15
293,6.40885e+06,2.23514e+06,15206.6
293,6.40898e+06,2.24955e+06,22810.3
294,6.40608e+06,2.21357e+06,0
294,6.40622e+06,2.22802e+06,7610.75
294,6.40635e+06,2.24248e+06,15221.8
294,6.40649e+06,2.25694e+06,22833.1
295,6.40357e+06,2.22081e+06,0
295,6.40371e+06,2.23532e+06,7618.35
295,6.40384e+06,2.24982e+06,15237
295,6.40398e+06,2.26433e+06,22855.9
296,6.40105e+06,2.22806e+06,0
296,6.40119e+06,2.24261e+06,7625.93
296,6.40133e+06,2.25716e+06,15252.1
296,6.40147e+06,2.27172e+06,22878.6
297,6.39852e+06,2.2353e+06,0
297,6.39866e+06,2.2499e+06,7633.5
297,6.3988e+06,2.2645e+06,15267.3
297,6.39894e+06,2.2791e+06,22901.3
298,6.39599e+06,2.24254e+06,0
298,6.39613e+06,2.25719e+06,7641.06
298,6.39627e+06,2.27184e+06,15282.4
298,6.39641e+06,2.28649e+06,22924
299,6.39344e+06,2.24978e+06,0
299,6.39358e+06,2.26447e+06,7648.61
299,6.39373e+06,2.27917e+06,15297.5
299,6.39387e+06,2.29386e+06,22946.7
300,6.39089e+06,2.25701e+06,0
300,6.39103e+06,2.27175e+06,7656.16
300,6.39118e+06,2.2865e+06,15312.6
300,6.39133e+06,2.30124e+06,22969.4
301,6.38833e+06,2.26424e+06,0
301,6.38847e+06,2.27903e+06,7663.69
301,6.38862e+06,2.29382e+06,15327.7
301,6.38877e+06,2.30861e+06,22992
302,6.38576e+06,2.27147e+06,0
302,6.38591e+06,2.28631e+06,7671.21
302,6.38606e+06,2.30114e+06,15342.7
302,6.38621e+06,2.31598e+06,23014.5
303,6.38318e+06,2.27869e+06,0
303,6.38333e+06,2.29358e+06,7678.73
303,6.38348e+06,2.30846e+06,15357.8
303,6.38364e+06,2.32335e+06,23037.1
304,6.3806e+06,2.28591e+06,0
304,6.38075e+06,2.30085e+06,7686.23
304,6.3809e+06,2.31578e+06,15372.8
304,6.38106e+06,2.33072e+06,23059.6
305,6.378e+06,2.29313e+06,0
305,6.37816e+06,2.30811e+06,7693.72
305,6.37831e+06,2.32309e+06,15387.8
305,6.37847e+06,2.33808e+06,23082.1
306,6.3754e+06,2.30035e+06,0
306,6.37556e+06,2.31538e+06,7701.21
306,6.37571e+06,2.33041e+06,15402.7
306,6.37587e+06,2.34544e+06,23104.6
307,6.37279e+06,2.30756e+06,0
307,6.37295e+06,2.32264e+06,7708.68
307,6.37311e+06,2.33771e+06,15417.7
307,6.37327e+06,2.35279e+06,23127
308,6.37017e+06,2.31477e+06,0
308,6.37033e+06,2.32989e+06,7716.14
308,6.37049e+06,2.34502e+06,15432.6
308,6.37066e+06,2.36014e+06,23149.4
309,6.36755e+06,2.32198e+06,0
309,6.36771e+06,2.33715e+06,7723.6
309,6.36787e+06,2.35232e+06,15447.5
309,6.36804e+06,2.36749e+06,23171.8
310,6.36491e+06,2.32918e+06,0
310,6.36508e+06,2.3444e+06,7731.04
310,6.36524e+06,2.35962e+06,15462.4
310,6.36541e+06,2.37484e+06,23194.1
311,6.36227e+06,2.33638e+06,0
311,6.36244e+06,2.35165e+06,7738.47
311,6.3626e+06,2.36692e+06,15477.3
311,6.36277e+06,2.38218e+06,23216.5
312,6.35962e+06,2.34358e+06,0
312,6.35979e+06,2.35889e+06,7745.9
312,6.35996e+06,2.37421e+06,15492.1
312,6.36013e+06,2.38952e+06,23238.7
313,6.35696e+06,2.35077e+06,0
313,6.35713e+06,2.36614e+06,7753.31
313,6.3573e+06,2.3815e+06,15507
313,6.35747e+06,2.39686e+06,23261
314,6.35429e+06,2.35797e+06,0
314,6.35446e+06,2.37338e+06,7760.72
314,6.35464e+06,2.38878e+06,15521.8
314,6.35481e+06,2.4042e+06,23283.2
315,6.35162e+06,2.36516e+06,0
315,6.35179e+06,2.38061e+06,7768.11
315,6.35197e+06,2.39607e+06,15536.6
315,6.35214e+06,2.41153e+06,23305.4
316,6.34893e+06,2.37234e+06,0
316,6.34911e+06,2.38784e+06,7775.5
316,6.34929e+06,2.40335e+06,15551.4
316,6.34947e+06,2.41885e+06,23327.6
317,6.34624e+06,2.37952e+06,0
317,6.34642e+06,2.39508e+06,7782.87
317,6.3466e+06,2.41063e+06,15566.1
317,6.34678e+06,2.42618e+06,23349.7
318,6.34354e+06,2.3867e+06,0
318,6.34372e+06,2.4023e+06,7790.23
318,6.34391e+06,2.4179e+06,15580.8
318,6.34409e+06,2.4335e+06,23371.8
319,6.34084e+06,2.39388e+06,0
319,6.34102e+06,2.40953e+06,7797.59
319,6.3412e+06,2.42517e+06,15595.6
319,6.34139e+06,2.44082e+06,23393.9
320,6.33812e+06,2.40105e+06,0
320,6.3383e+06,2.41675e+06,7804.93
320,6.33849e+06,2.43244e+06,15610.2
320,6.33868e+06,2.44814e+06,23416
321,6.3354e+06,2.40822e+06,0
321,6.33558e+06,2.42397e+06,7812.27
321,6.33577e+06,2.43971e+06,15624.9
321,6.33596e+06,2.45545e+06,23438
322,6.33266e+06,2.41539e+06,0
322,6.33285e+06,2.43118e+06,7819.59
322,6.33304e+06,2.44697e+06,15639.6
322,6.33324e+06,2.46276e+06,23460
323,6.32992e+06,2.42256e+06,0
323,6.33011e+06,2.43839e+06,7826.91
323,6.33031e+06,2.45423e+06,15654.2
323,6.3305e+06,2.47007e+06,23481.9
324,6.32717e+06,2.42972e+06,0
324,6.32737e+06,2.4456e+06,7834.21
324,6.32756e+06,2.46148e+06,15668.8
324,6.32776e+06,2.47737e+06,23503.8
325,6.32442e+06,2.43688e+06,0
325,6.32461e+06,2.45281e+06,7841.5
325,6.32481e+06,2.46874e+06,15683.4
325,6.32501e+06,2.48467e+06,23525.7
326,6.32165e+06,2.44403e+06,0
326,6.32185e+06,2.46001e+06,7848.79
326,6.32205e+06,2.47599e+06,15698
326,6.32225e+06,2.49197e+06,23547.6
327,6.31888e+06,2.45118e+06,0
327,6.31908e+06,2.46721e+06,7856.06
327,6.31928e+06,2.48323e+06,15712.5
327,6.31949e+06,2.49926e+06,23569.5
328,6.3161e+06,2.45833e+06,0
328,6.3163e+06,2.4744e+06,7863.33
328,6.31651e+06,2.49048e+06,15727.1
328,6.31672e+06,2.50655e+06,23591.3
329,6.31331e+06,2.46548e+06,0
329,6.31352e+06,2.4816e+06,7870.58
329,6.31372e+06,2.49772e+06,15741.6
329,6.31393e+06,2.51384e+06,23613
330,6.31051e+06,2.47262e+06,0
330,6.31072e+06,2.48879e+06,7877.82
330,6.31093e+06,2.50495e+06,15756.1
330,6.31114e+06,2.52112e+06,23634.8
331,6.30771e+06,2.47976e+06,0
331,6.30792e+06,2.49597e+06,7885.06
331,6.30813e+06,2.51219e+06,15770.6
331,6.30835e+06,2.5284e+06,23656.5
332,6.30489e+06,2.48689e+06,0
332,6.30511e+06,2.50316e+06,7892.28
332,6.30532e+06,2.51942e+06,15785
332,6.30554e+06,2.53568e+06,23678.2
333,6.30207e+06,2.49403e+06,0
333,6.30229e+06,2.51034e+06,7899.49
333,6.30251e+06,2.52664e+06,15799.4
333,6.30273e+06,2.54296e+06,23699.9
334,6.29924e+06,2.50116e+06,0
334,6.29946e+06,2.51751e+06,7906.7
334,6.29968e+06,2.53387e+06,15813.9
334,6.29991e+06,2.55023e+06,23721.5
335,6.29641e+06,2.50828e+06,0
335,6.29663e+06,2.52469e+06,7913.89
335,6.29685e+06,2.54109e+06,15828.2
335,6.29708e+06,2.55749e+06,23743.1
336,6.29356e+06,2.51541e+06,0
336,6.29378e+06,2.53186e+06,7921.07
336,6.29401e+06,2.54831e+06,15842.6
336,6.29424e+06,2.56476e+06,23764.6
337,6.29071e+06,2.52253e+06,0
337,6.29093e+06,2.53902e+06,7928.25
337,6.29116e+06,2.55552e+06,15857
337,6.29139e+06,2.57202e+06,23786.2
338,6.28785e+06,2.52964e+06,0
338,6.28807e+06,2.54619e+06,7935.41
338,6.28831e+06,2.56273e+06,15871.3
338,6.28854e+06,2.57928e+06,23807.7
339,6.28498e+06,2.53676e+06,0
339,6.28521e+06,2.55335e+06,7942.56
339,6.28544e+06,2.56994e+06,15885.6
339,6.28568e+06,2.58653e+06,23829.2
340,6.2821e+06,2.54387e+06,0
340,6.28233e+06,2.56051e+06,7949.7
340,6.28257e+06,2.57715e+06,15899.9
340,6.28281e+06,2.59379e+06,23850.6
341,6.27921e+06,2.55097e+06,0
341,6.27945e+06,2.56766e+06,7956.84
341,6.27969e+06,2.58435e+06,15914.2
341,6.27993e+06,2.60103e+06,23872
342,6.27632e+06,2.55808e+06,0
342,6.27656e+06,2.57481e+06,7963.96
342,6.2768e+06,2.59154e+06,15928.4
342,6.27704e+06,2.60828e+06,23893.4
343,6.27342e+06,2.56518e+06,0
343,6.27366e+06,2.58196e+06,7971.07
343,6.2739e+06,2.59874e+06,15942.7
343,6.27415e+06,2.61552e+06,23914.8
344,6.27051e+06,2.57228e+06,0
344,6.27075e+06,2.5891e+06,7978.17
344,6.271e+06,2.60593e+06,15956.9
344,6.27125e+06,2.62276e+06,23936.1
345,6.26759e+06,2.57937e+06,0
345,6.26784e+06,2.59624e+06,7985.26
345,6.26809e+06,2.61312e+06,15971.1
345,6.26834e+06,2.63e+06,23957.4
346,6.26466e+06,2.58646e+06,0
346,6.26491e+06,2.60338e+06,7992.34
346,6.26517e+06,2.6203e+06,15985.2
346,6.26542e+06,2.63723e+06,23978.6
347,6.26173e+06,2.59355e+06,0
347,6.26198e+06,2.61052e+06,7999.42
347,6.26224e+06,2.62749e+06,15999.4
347,6.2625e+06,2.64446e+06,23999.9
348,6.25879e+06,2.60063e+06,0
348,6.25904e+06,2.61765e+06,8006.48
348,6.2593e+06,2.63466e+06,16013.5
348,6.25956e+06,2.65168e+06,24021.1
349,6.25584e+06,2.60771e+06,0
349,6.25609e+06,2.62477e+06,8013.53
349,6.25636e+06,2.64184e+06,16027.6
349,6.25662e+06,2.6589e+06,24042.2
350,6.25288e+06,2.61479e+06,0
350,6.25314e+06,2.6319e+06,8020.57
350,6.2534e+06,2.64901e+06,16041.7
350,6.25367e+06,2.66612e+06,24063.4
351,6.24991e+06,2.62186e+06,0
351,6.25018e+06,2.63902e+06,8027.6
351,6.25044e+06,2.65618e+06,16055.8
351,6.25071e+06,2.67334e+06,24084.5
352,6.24694e+06,2.62893e+06,0
352,6.2472e+06,2.64614e+06,8034.62
352,6.24748e+06,2.66334e+06,16069.8
352,6.24775e+06,2.68055e+06,24105.6
353,6.24395e+06,2.636e+06,0
353,6.24423e+06,2.65325e+06,8041.62
353,6.2445e+06,2.6705e+06,16083.8
353,6.24478e+06,2.68776e+06,24126.6
354,6.24096e+06,2.64306e+06,0
354,6.24124e+06,2.66036e+06,8048.62
354,6.24152e+06,2.67766e+06,16097.8
354,6.24179e+06,2.69496e+06,24147.6
355,6.23797e+06,2.65012e+06,0
355,6.23824e+06,2.66747e+06,8055.61
355,6.23852e+06,2.68482e+06,16111.8
355,6.23881e+06,2.70216e+06,24168.6
356,6.23496e+06,2.65718e+06,0
356,6.23524e+06,2.67457e+06,8062.59
356,6.23552e+06,2.69197e+06,16125.8
356,6.23581e+06,2.70936e+06,24189.6
357,6.23195e+06,2.66424e+06,0
357,6.23223e+06,2.68167e+06,8069.56
357,6.23251e+06,2.69911e+06,16139.7
357,6.2328e+06,2.71656e+06,24210.5
358,6.22892e+06,2.67129e+06,0
358,6.22921e+06,2.68877e+06,8076.52
358,6.2295e+06,2.70626e+06,16153.6
358,6.22979e+06,2.72375e+06,24231.4
359,6.22589e+06,2.67833e+06,0
359,6.22618e+06,2.69586e+06,8083.46
359,6.22647e+06,2.7134e+06,16167.5
359,6.22677e+06,2.73093e+06,24252.3
360,6.22285e+06,2.68538e+06,0
360,6.22315e+06,2.70295e+06,8090.4
360,6.22344e+06,2.72054e+06,16181.4
360,6.22374e+06,2.73812e+06,24273.1
361,6.21981e+06,2.69242e+06,0
361,6.2201e+06,2.71004e+06,8097.33
361,6.2204e+06,2.72767e+06,16195.3
361,6.2207e+06,2.7453e+06,24293.9
362,6.21675e+06,2.69945e+06,0
362,6.21705e+06,2.71713e+06,8104.24
362,6.21736e+06,2.7348e+06,16209.1
362,6.21766e+06,2.75248e+06,24314.7
363,6.21369e+06,2.70648e+06,0
363,6.21399e+06,2.7242e+06,8111.15
363,6.2143e+06,2.74193e+06,16222.9
363,6.21461e+06,2.75965e+06,24335.4
364,6.21062e+06,2.71351e+06,0
364,6.21093e+06,2.73128e+06,8118.04
364,6.21124e+06,2.74905e+06,16236.7
364,6.21155e+06,2.76682e+06,24356.1
365,6.20754e+06,2.72054e+06,0
365,6.20785e+06,2.73835e+06,8124.93
365,6.20816e+06,2.75617e+06,16250.5
365,6.20848e+06,2.77399e+06,24376.8
366,6.20446e+06,2.72756e+06,0
366,6.20477e+06,2.74542e+06,8131.8
366,6.20509e+06,2.76329e+06,16264.3
366,6.2054e+06,2.78115e+06,24397.4
367,6.20136e+06,2.73458e+06,0
367,6.20168e+06,2.75249e+06,8138.67
367,6.202e+06,2.7704e+06,16278
367,6.20232e+06,2.78831e+06,24418.1
368,6.19826e+06,2.7416e+06,0
368,6.19858e+06,2.75955e+06,8145.52
368,6.1989e+06,2.77751e+06,16291.7
368,6.19923e+06,2.79546e+06,24438.6
369,6.19515e+06,2.74861e+06,0
369,6.19547e+06,2.76661e+06,8152.36
369,6.1958e+06,2.78461e+06,16305.4
369,6.19613e+06,2.80262e+06,24459.2
370,6.19203e+06,2.75562e+06,0
370,6.19236e+06,2.77367e+06,8159.2
370,6.19269e+06,2.79172e+06,16319.1
370,6.19302e+06,2.80977e+06,24479.7
371,6.18891e+06,2.76262e+06,0
371,6.18924e+06,2.78072e+06,8166.02
371,6.18957e+06,2.79881e+06,16332.8
371,6.18991e+06,2.81691e+06,24500.2
372,6.18577e+06,2.76962e+06,0
372,6.18611e+06,2.78777e+06,8172.83
372,6.18644e+06,2.80591e+06,16346.4
372,6.18678e+06,2.82405e+06,24520.7
373,6.18263e+06,2.77662e+06,0
373,6.18297e+06,2.79481e+06,8179.63
373,6.18331e+06,2.813e+06,16360
373,6.18365e+06,2.83119e+06,24541.1
374,6.17948e+06,2.78362e+06,0
374,6.17982e+06,2.80185e+06,8186.42
374,6.18017e+06,2.82009e+06,16373.6
374,6.18051e+06,2.83833e+06,24561.5
375,6.17633e+06,2.79061e+06,0
375,6.17667e+06,2.80889e+06,8193.2
375,6.17702e+06,2.82717e+06,16387.2
375,6.17737e+06,2.84546e+06,24581.9
376,6.17316e+06,2.79759e+06,0
376,6.17351e+06,2.81592e+06,8199.97
376,6.17386e+06,2.83425e+06,16400.7
376,6.17421e+06,2.85259e+06,24602.2
377,6.16999e+06,2.80458e+06,0
377,6.17034e+06,2.82295e+06,8206.73
377,6.17069e+06,2.84133e+06,16414.2
377,6.17105e+06,2.85971e+06,24622.5
378,6.16681e+06,2.81156e+06,0
378,6.16716e+06,2.82998e+06,8213.48
378,6.16752e+06,2.8484e+06,16427.7
378,6.16788e+06,2.86683e+06,24642.8
379,6.16362e+06,2.81853e+06,0
379,6.16397e+06,2.837e+06,8220.22
379,6.16434e+06,2.85547e+06,16441.2
379,6.1647e+06,2.87395e+06,24663
380,6.16042e+06,2.82551e+06,0
380,6.16078e+06,2.84402e+06,8226.95
380,6.16115e+06,2.86254e+06,16454.7
380,6.16151e+06,2.88106e+06,24683.2
381,6.15721e+06,2.83248e+06,0
381,6.15758e+06,2.85104e+06,8233.66
381,6.15795e+06,2.8696e+06,16468.1
381,6.15832e+06,2.88817e+06,24703.4
382,6.154e+06,2.83944e+06,0
382,6.15437e+06,2.85805e+06,8240.37
382,6.15474e+06,2.87666e+06,16481.6
382,6.15512e+06,2.89527e+06,24723.6
383,6.15078e+06,2.8464e+06,0
383,6.15115e+06,2.86506e+06,8247.07
383,6.15153e+06,2.88372e+06,16495
383,6.15191e+06,2.90238e+06,24743.7
384,6.14755e+06,2.85336e+06,0
384,6.14793e+06,2.87206e+06,8253.75
384,6.14831e+06,2.89077e+06,16508.3
384,6.14869e+06,2.90947e+06,24763.8
385,6.14432e+06,2.86032e+06,0
385,6.1447e+06,2.87906e+06,8260.43
385,6.14508e+06,2.89782e+06,16521.7
385,6.14547e+06,2.91657e+06,24783.8
386,6.14107e+06,2.86727e+06,0
386,6.14146e+06,2.88606e+06,8267.09
386,6.14184e+06,2.90486e+06,16535
386,6.14223e+06,2.92366e+06,24803.8
387,6.13782e+06,2.87421e+06,0
387,6.13821e+06,2.89306e+06,8273.75
387,6.1386e+06,2.9119e+06,16548.3
387,6.13899e+06,2.93075e+06,24823.8
388,6.13456e+06,2.88116e+06,0
388,6.13495e+06,2.90005e+06,8280.39
388,6.13535e+06,2.91894e+06,16561.6
388,6.13575e+06,2.93783e+06,24843.8
389,6.13129e+06,2.8881e+06,0
389,6.13169e+06,2.90703e+06,8287.02
389,6.13209e+06,2.92597e+06,16574.9
389,6.13249e+06,2.94491e+06,24863.7
390,6.12802e+06,2.89503e+06,0
390,6.12842e+06,2.91402e+06,8293.64
390,6.12882e+06,2.933e+06,16588.2
390,6.12923e+06,2.95199e+06,24883.6
391,6.12473e+06,2.90197e+06,0
391,6.12514e+06,2.92099e+06,8300.26
391,6.12554e+06,2.94002e+06,16601.4
391,6.12595e+06,2.95906e+06,24903.5
392,6.12144e+06,2.90889e+06,0
392,6.12185e+06,2.92797e+06,8306.86
392,6.12226e+06,2.94705e+06,16614.6
392,6.12267e+06,2.96613e+06,24923.3
393,6.11814e+06,2.91582e+06,0
393,6.11855e+06,2.93494e+06,8313.45
393,6.11897e+06,2.95406e+06,16627.8
393,6.11939e+06,2.97319e+06,24943.1
394,6.11483e+06,2.92274e+06,0
394,6.11525e+06,2.94191e+06,8320.03
394,6.11567e+06,2.96108e+06,16641
394,6.11609e+06,2.98025e+06,24962.9
395,6.11152e+06,2.92966e+06,0
395,6.11194e+06,2.94887e+06,8326.6
395,6.11236e+06,2.96809e+06,16654.1
395,6.11279e+06,2.98731e+06,24982.6
396,6.1082e+06,2.93657e+06,0
396,6.10862e+06,2.95583e+06,8333.15
396,6.10905e+06,2.9751e+06,16667.2
396,6.10948e+06,2.99436e+06,25002.3
397,6.10486e+06,2.94348e+06,0
397,6.10529e+06,2.96279e+06,8339.7
397,6.10573e+06,2.9821e+06,16680.4
397,6.10616e+06,3.00141e+06,25022
398,6.10153e+06,2.95039e+06,0
398,6.10196e+06,2.96974e+06,8346.24
398,6.1024e+06,2.9891e+06,16693.4
398,6.10284e+06,3.00846e+06,25041.6
399,6.09818e+06,2.95729e+06,0
399,6.09862e+06,2.97669e+06,8352.76
399,6.09906e+06,2.99609e+06,16706.5
399,6.0995e+06,3.0155e+06,25061.2
400,6.09483e+06,2.96419e+06,0
400,6.09527e+06,2.98364e+06,8359.28
400,6.09571e+06,3.00309e+06,16719.5
400,6.09616e+06,3.02254e+06,25080.8
401,6.09146e+06,2.97108e+06,0
401,6.09191e+06,2.99058e+06,8365.78
401,6.09236e+06,3.01007e+06,16732.6
401,6.09281e+06,3.02957e+06,25100.3
402,6.08809e+06,2.97798e+06,0
402,6.08854e+06,2.99752e+06,8372.28
402,6.089e+06,3.01706e+06,16745.6
402,6.08945e+06,3.0366e+06,25119.9
403,6.08472e+06,2.98486e+06,0
403,6.08517e+06,3.00445e+06,8378.76
403,6.08563e+06,3.02404e+06,16758.5
403,6.08609e+06,3.04363e+06,25139.3
404,6.08133e+06,2.99175e+06,0
404,6.08179e+06,3.01138e+06,8385.23
404,6.08225e+06,3.03101e+06,16771.5
404,6.08272e+06,3.05065e+06,25158.8
405,6.07794e+06,2.99863e+06,0
405,6.0784e+06,3.0183e+06,8391.7
405,6.07887e+06,3.03799e+06,16784.4
405,6.07934e+06,3.05767e+06,25178.2
406,6.07454e+06,3.0055e+06,0
406,6.075e+06,3.02523e+06,8398.15
406,6.07548e+06,3.04495e+06,16797.3
406,6.07595e+06,3.06469e+06,25197.6
407,6.07113e+06,3.01237e+06,0
407,6.0716e+06,3.03214e+06,8404.59
407,6.07208e+06,3.05192e+06,16810.2
407,6.07256e+06,3.0717e+06,25216.9
408,6.06771e+06,3.01924e+06,0
408,6.06819e+06,3.03906e+06,8411.02
408,6.06867e+06,3.05888e+06,16823.1
408,6.06915e+06,3.0787e+06,25236.3
409,6.06429e+06,3.0261e+06,0
409,6.06477e+06,3.04597e+06,8417.43
409,6.06525e+06,3.06584e+06,16836
409,6.06574e+06,3.08571e+06,25255.6
410,6.06085e+06,3.03296e+06,0
410,6.06134e+06,3.05288e+06,8423.84
410,6.06183e+06,3.07279e+06,16848.8
410,6.06232e+06,3.09271e+06,25274.8
411,6.05741e+06,3.03982e+06,0
411,6.0579e+06,3.05978e+06,8430.24
411,6.0584e+06,3.07974e+06,16861.6
411,6.0589e+06,3.0997e+06,25294
412,6.05397e+06,3.04667e+06,0
412,6.05446e+06,3.06668e+06,8436.63
412,6.05496e+06,3.08668e+06,16874.4
412,6.05546e+06,3.10669e+06,25313.2
413,6.05051e+06,3.05352e+06,0
413,6.05101e+06,3.07357e+06,8443
413,6.05151e+06,3.09363e+06,16887.1
413,6.05202e+06,3.11368e+06,25332.4
414,6.04705e+06,3.06037e+06,0
414,6.04755e+06,3.08046e+06,8449.37
414,6.04806e+06,3.10056e+06,16899.9
414,6.04857e+06,3.12067e+06,25351.5
415,6.04358e+06,3.06721e+06,0
415,6.04409e+06,3.08735e+06,8455.72
415,6.0446e+06,3.1075e+06,16912.6
415,6.04512e+06,3.12765e+06,25370.6
416,6.0401e+06,3.07404e+06,0
416,6.04061e+06,3.09423e+06,8462.06
416,6.04113e+06,3.11443e+06,16925.3
416,6.04165e+06,3.13462e+06,25389.7
417,6.03661e+06,3.08088e+06,0
417,6.03713e+06,3.10111e+06,8468.4
417,6.03765e+06,3.12135e+06,16938
417,6.03818e+06,3.14159e+06,25408.7
418,6.03312e+06,3.08771e+06,0
418,6.03364e+06,3.10799e+06,8474.72
418,6.03417e+06,3.12827e+06,16950.6
418,6.0347e+06,3.14856e+06,25427.7
419,6.02962e+06,3.09453e+06,0
419,6.03014e+06,3.11486e+06,8481.03
419,6.03068e+06,3.13519e+06,16963.3
419,6.03121e+06,3.15552e+06,25446.7
420,6.02611e+06,3.10135e+06,0
420,6.02664e+06,3.12173e+06,8487.33
420,6.02718e+06,3.1421e+06,16975.9
420,6.02772e+06,3.16248e+06,25465.6
421,6.02259e+06,3.10817e+06,0
421,6.02313e+06,3.12859e+06,8493.62
421,6.02367e+06,3.14901e+06,16988.5
421,6.02422e+06,3.16944e+06,25484.5
422,6.01906e+06,3.11498e+06,0
422,6.01961e+06,3.13545e+06,8499.89
422,6.02015e+06,3.15592e+06,17001
422,6.02071e+06,3.17639e+06,25503.4
423,6.01553e+06,3.12179e+06,0
423,6.01608e+06,3.1423e+06,8506.16
423,6.01663e+06,3.16282e+06,17013.6
423,6.01719e+06,3.18334e+06,25522.2
424,6.01199e+06,3.1286e+06,0
424,6.01254e+06,3.14916e+06,8512.42
424,6.0131e+06,3.16972e+06,17026.1
424,6.01366e+06,3.19028e+06,25541
425,6.00844e+06,3.1354e+06,0
425,6.009e+06,3.156e+06,8518.66
425,6.00956e+06,3.17661e+06,17038.6
425,6.01013e+06,3.19722e+06,25559.8
426,6.00489e+06,3.14219e+06,0
426,6.00545e+06,3.16285e+06,8524.9
426,6.00602e+06,3.1835e+06,17051.1
426,6.00659e+06,3.20416e+06,25578.6
427,6.00132e+06,3.14899e+06,0
427,6.00189e+06,3.16968e+06,8531.12
427,6.00246e+06,3.19039e+06,17063.5
427,6.00304e+06,3.21109e+06,25597.3
428,5.99775e+06,3.15577e+06,0
428,5.99832e+06,3.17652e+06,8537.33
428,5.9989e+06,3.19727e+06,17076
428,5.99948e+06,3.21802e+06,25615.9
429,5.99417e+06,3.16256e+06,0
429,5.99475e+06,3.18335e+06,8543.54
429,5.99533e+06,3.20415e+06,17088.4
429,5.99592e+06,3.22494e+06,25634.6
430,5.99058e+06,3.16934e+06,0
430,5.99117e+06,3.19018e+06,8549.73
430,5.99176e+06,3.21102e+06,17100.8
430,5.99235e+06,3.23186e+06,25653.2
431,5.98699e+06,3.17612e+06,0
431,5.98758e+06,3.197e+06,8555.91
431,5.98817e+06,3.21789e+06,17113.2
431,5.98877e+06,3.23878e+06,25671.8
432,5.98339e+06,3.18289e+06,0
432,5.98398e+06,3.20382e+06,8562.07
432,5.98458e+06,3.22475e+06,17125.5
432,5.98519e+06,3.24569e+06,25690.3
433,5.97978e+06,3.18966e+06,0
433,5.98038e+06,3.21063e+06,8568.23
433,5.98098e+06,3.23161e+06,17137.8
433,5.98159e+06,3.2526e+06,25708.8
434,5.97616e+06,3.19642e+06,0
434,5.97677e+06,3.21744e+06,8574.38
434,5.97738e+06,3.23847e+06,17150.1
434,5.97799e+06,3.2595e+06,25727.3
435,5.97254e+06,3.20318e+06,0
435,5.97315e+06,3.22425e+06,8580.52
435,5.97376e+06,3.24532e+06,17162.4
435,5.97438e+06,3.2664e+06,25745.8
436,5.9689e+06,3.20994e+06,0
436,5.96952e+06,3.23105e+06,8586.64
436,5.97014e+06,3.25217e+06,17174.7
436,5.97077e+06,3.27329e+06,25764.2
437,5.96526e+06,3.21669e+06,0
437,5.96588e+06,3.23785e+06,8592.75
437,5.96651e+06,3.25902e+06,17186.9
437,5.96714e+06,3.28018e+06,25782.6
438,5.96161e+06,3.22344e+06,0
438,5.96224e+06,3.24465e+06,8598.86
438,5.96287e+06,3.26586e+06,17199.2
438,5.96351e+06,3.28707e+06,25800.9
439,5.95796e+06,3.23018e+06,0
439,5.95859e+06,3.25144e+06,8604.95
439,5.95923e+06,3.27269e+06,17211.4
439,5.95987e+06,3.29395e+06,25819.2
440,5.9543e+06,3.23692e+06,0
440,5.95493e+06,3.25822e+06,8611.03
440,5.95558e+06,3.27952e+06,17223.5
440,5.95622e+06,3.30083e+06,25837.5
441,5.95062e+06,3.24366e+06,0
441,5.95127e+06,3.265e+06,8617.1
441,5.95192e+06,3.28635e+06,17235.7
441,5.95257e+06,3.3077e+06,25855.8
442,5.94695e+06,3.25039e+06,0
442,5.9476e+06,3.27178e+06,8623.16
442,5.94825e+06,3.29318e+06,17247.8
442,5.94891e+06,3.31457e+06,25874
443,5.94326e+06,3.25712e+06,0
443,5.94391e+06,3.27855e+06,8629.21
443,5.94457e+06,3.3e+06,17259.9
443,5.94524e+06,3.32144e+06,25892.2
444,5.93957e+06,3.26384e+06,0
444,5.94023e+06,3.28532e+06,8635.24
444,5.94089e+06,3.30681e+06,17272
444,5.94156e+06,3.3283e+06,25910.3
445,5.93586e+06,3.27056e+06,0
445,5.93653e+06,3.29209e+06,8641.27
445,5.9372e+06,3.31362e+06,17284.1
445,5.93788e+06,3.33516e+06,25928.5
446,5.93215e+06,3.27727e+06,0
446,5.93283e+06,3.29885e+06,8647.28
446,5.9335e+06,3.32043e+06,17296.1
446,5.93419e+06,3.34201e+06,25946.5
447,5.92844e+06,3.28398e+06,0
447,5.92912e+06,3.30561e+06,8653.29
447,5.9298e+06,3.32723e+06,17308.1
447,5.93049e+06,3.34886e+06,25964.6
448,5.92471e+06,3.29069e+06,0
448,5.9254e+06,3.31236e+06,8659.28
448,5.92609e+06,3.33403e+06,17320.1
448,5.92678e+06,3.35571e+06,25982.6
449,5.92098e+06,3.29739e+06,0
449,5.92167e+06,3.31911e+06,8665.26
449,5.92237e+06,3.34082e+06,17332.1
449,5.92307e+06,3.36255e+06,26000.6
450,5.91724e+06,3.30409e+06,0
450,5.91794e+06,3.32585e+06,8671.23
450,5.91864e+06,3.34761e+06,17344.1
450,5.91935e+06,3.36938e+06,26018.6
451,5.9135e+06,3.31078e+06,0
451,5.9142e+06,3.33259e+06,8677.19
451,5.9149e+06,3.3544e+06,17356
451,5.91562e+06,3.37621e+06,26036.5
452,5.90974e+06,3.31747e+06,0
452,5.91045e+06,3.33933e+06,8683.14
452,5.91116e+06,3.36118e+06,17367.9
452,5.91188e+06,3.38304e+06,26054.4
453,5.90598e+06,3.32416e+06,0
453,5.90669e+06,3.34606e+06,8689.08
453,5.90741e+06,3.36796e+06,17379.8
453,5.90814e+06,3.38987e+06,26072.2
454,5.90221e+06,3.33084e+06,0
454,5.90293e+06,3.35278e+06,8695
454,5.90365e+06,3.37473e+06,17391.7
454,5.90438e+06,3.39668e+06,26090.1
455,5.89843e+06,3.33752e+06,0
455,5.89916e+06,3.35951e+06,8700.92
455,5.89989e+06,3.3815e+06,17403.5
455,5.90063e+06,3.4035e+06,26107.9
456,5.89465e+06,3.34419e+06,0
456,5.89538e+06,3.36622e+06,8706.82
456,5.89612e+06,3.38826e+06,17415.4
456,5.89686e+06,3.41031e+06,26125.6
457,5.89085e+06,3.35086e+06,0
457,5.89159e+06,3.37294e+06,8712.71
457,5.89234e+06,3.39502e+06,17427.2
457,5.89308e+06,3.41712e+06,26143.3
458,5.88705e+06,3.35752e+06,0
458,5.8878e+06,3.37965e+06,8718.59
458,5.88855e+06,3.40178e+06,17438.9
458,5.8893e+06,3.42392e+06,26161
459,5.88325e+06,3.36418e+06,0
459,5.884e+06,3.38635e+06,8724.47
459,5.88475e+06,3.40853e+06,17450.7
459,5.88551e+06,3.43072e+06,26178.7
460,5.87943e+06,3.37083e+06,0
460,5.88019e+06,3.39305e+06,8730.32
460,5.88095e+06,3.41528e+06,17462.4
460,5.88172e+06,3.43751e+06,26196.3
461,5.87561e+06,3.37748e+06,0
461,5.87637e+06,3.39975e+06,8736.17
461,5.87714e+06,3.42202e+06,17474.1
461,5.87792e+06,3.4443e+06,26213.9
462,5.87178e+06,3.38413e+06,0
462,5.87255e+06,3.40644e+06,8742.01
462,5.87332e+06,3.42876e+06,17485.8
462,5.8741e+06,3.45108e+06,26231.5
463,5.86794e+06,3.39077e+06,0
463,5.86872e+06,3.41313e+06,8747.83
463,5.8695e+06,3.43549e+06,17497.5
463,5.87029e+06,3.45786e+06,26249
464,5.86409e+06,3.39741e+06,0
464,5.86488e+06,3.41982e+06,8753.65
464,5.86567e+06,3.44222e+06,17509.1
464,5.86646e+06,3.46464e+06,26266.5
465,5.86024e+06,3.40404e+06,0
465,5.86103e+06,3.42649e+06,8759.45
465,5.86183e+06,3.44895e+06,17520.8
465,5.86263e+06,3.47141e+06,26283.9
466,5.85638e+06,3.41067e+06,0
466,5.85718e+06,3.43317e+06,8765.24
466,5.85798e+06,3.45567e+06,17532.4
466,5.85879e+06,3.47818e+06,26301.4
467,5.85251e+06,3.4173e+06,0
467,5.85332e+06,3.43984e+06,8771.02
467,5.85412e+06,3.46239e+06,17543.9
467,5.85494e+06,3.48494e+06,26318.8
468,5.84864e+06,3.42392e+06,0
468,5.84945e+06,3.44651e+06,8776.79
468,5.85026e+06,3.4691e+06,17555.5
468,5.85108e+06,3.4917e+06,26336.1
469,5.84476e+06,3.43053e+06,0
469,5.84557e+06,3.45317e+06,8782.55
469,5.84639e+06,3.47581e+06,17567
469,5.84722e+06,3.49845e+06,26353.5
470,5.84086e+06,3.43715e+06,0
470,5.84169e+06,3.45983e+06,8788.3
470,5.84252e+06,3.48251e+06,17578.5
470,5.84335e+06,3.5052e+06,26370.7
471,5.83697e+06,3.44375e+06,0
471,5.8378e+06,3.46648e+06,8794.04
471,5.83863e+06,3.48921e+06,17590
471,5.83947e+06,3.51195e+06,26388
472,5.83306e+06,3.45035e+06,0
472,5.8339e+06,3.47313e+06,8799.76
472,5.83474e+06,3.4959e+06,17601.5
472,5.83559e+06,3.51869e+06,26405.2
473,5.82915e+06,3.45695e+06,0
473,5.82999e+06,3.47977e+06,8805.47
473,5.83084e+06,3.50259e+06,17612.9
473,5.83169e+06,3.52542e+06,26422.4
474,5.82523e+06,3.46355e+06,0
474,5.82608e+06,3.48641e+06,8811.18
474,5.82693e+06,3.50928e+06,17624.4
474,5.8278e+06,3.53215e+06,26439.6
475,5.8213e+06,3.47014e+06,0
475,5.82216e+06,3.49305e+06,8816.87
475,5.82302e+06,3.51596e+06,17635.8
475,5.82389e+06,3.53888e+06,26456.7
476,5.81737e+06,3.47672e+06,0
476,5.81823e+06,3.49968e+06,8822.55
476,5.8191e+06,3.52264e+06,17647.1
476,5.81997e+06,3.5456e+06,26473.8
477,5.81342e+06,3.4833e+06,0
477,5.81429e+06,3.5063e+06,8828.21
477,5.81517e+06,3.52931e+06,17658.5
477,5.81605e+06,3.55232e+06,26490.9
478,5.80947e+06,3.48988e+06,0
478,5.81035e+06,3.51293e+06,8833.87
478,5.81123e+06,3.53598e+06,17669.8
478,5.81212e+06,3.55904e+06,26507.9
479,5.80552e+06,3.49645e+06,0
479,5.8064e+06,3.51954e+06,8839.52
479,5.80729e+06,3.54264e+06,17681.1
479,5.80819e+06,3.56575e+06,26524.9
480,5.80155e+06,3.50302e+06,0
480,5.80244e+06,3.52616e+06,8845.15
480,5.80334e+06,3.5493e+06,17692.4
480,5.80424e+06,3.57245e+06,26541.8
481,5.79758e+06,3.50958e+06,0
481,5.79848e+06,3.53276e+06,8850.77
481,5.79938e+06,3.55595e+06,17703.7
481,5.80029e+06,3.57915e+06,26558.8
482,5.7936e+06,3.51614e+06,0
482,5.7945e+06,3.53937e+06,8856.39
482,5.79542e+06,3.5626e+06,17714.9
482,5.79633e+06,3.58585e+06,26575.7
483,5.78961e+06,3.52269e+06,0
483,5.79052e+06,3.54597e+06,8861.99
483,5.79144e+06,3.56925e+06,17726.2
483,5.79237e+06,3.59254e+06,26592.5
484,5.78562e+06,3.52924e+06,0
484,5.78654e+06,3.55256e+06,8867.57
484,5.78746e+06,3.57589e+06,17737.3
484,5.7884e+06,3.59922e+06,26609.3
